,First ts,Anonymous ID,Email,Subject ID,Current/Final Subject Status Code,Current/Final Subject Status Text,,Visitor to home page,"Visitor clicks ""Check Eligibility"" / in the process of completing it.",Visitor fails pre-screening,"Visitor succesfully completes pre-screening and is taken to ""account creation page""","Visitor completes all 4 fields of ""Create Account"" screen",Visitor pending email confirmation,Visitor doesn't confirm email within 7 days,Visitor confirms email w/ 6-digit code,Subject starts informed consent (main part - in pages 1-23/23),Subject does not start informed consent for 3 days after completing account creation,"Subject gets to ""review your knowledge"" section (pages 1-5)","Subject gets to ""Final Aggreement"" page of ICF","Subject selects ""I affirm...."" on ""Final Aggreement"" page of ICF and then clicks on ""Sign ICF"" form",Subject on autosign / draw / upload page of ICF signiture,ICF signature submitted (any version),Subject does not complete Informed Consent within 1 day of starting Informed Consent,Subject starts screening,Subject does not complete screening within 5 days of starting,Subject completes all screening questions,Subject completes all screening questions,Subject is automatically approved,Subject automatically fails screening,"Subject passes screening process, but not admitted into study",Subject is denied by CVB Admin after passing screening,Subject is approved into study (either automatically or manually by CVB Admin),"Subject clicks ""Account Setup"" button (screen ""Desktop - 37"")",Subject does not click Account Setup button for 7 days,"Subject provides phone number for account setup and click ""send code""",Subject does not provide phone number for account setup within 7 days (of being accepted into the study),Phone number code actually sent,Subject confirms phone number / Subject pending physical address,Subject does not confirm phone number for account setup within 7 days (of being accepted into the study),Subject successfully provides physical address,Subject does not provide physical address within 7 days (of being accepted into the study),Subject pending Identity authenticiation (nothing submittted/answered),Subject pending Identity authenticiation (submitted) : either submitting physical ID or requesting video chat confirmation,Subject does not submit government ID or request video chat within 7 days (of being accepted into the study),Subject starts scheduling preferences,Subject submits 1st set of scheduling preferences dates,7 days after being approved into the study,Subject submits 2nd set of scheduling preferences dates,Subject confirms both scheduling preferences dates,SC approves identity -- either through reviewing the document or via video call,Subject is withdrawn after failed ID verification - pending EoSS completion,Subject is withdrawn after failed ID verification - EoSS completed,Shipper confirms subject start dates,Subject logs into app for 1st time,Subject completes onboarding,Subject completes baseline assessment: 1st ISI,Subject completes baseline assessment: Dreams,Subject completes baseline assessment: 1st EMA,Step above not completed within 3 days before starting trial,Subject's device has been sent / in transit,Subject's device has been delivered,Subject clicks 'Confirm Receipt',Subject doesn't click 'Confirm Receipt' within 1 day of the kit being marked as 'Delivered to Subject',Subject clicks 'Didn't get the kit?',"Subject checks 4 bottom boxes (Fitbit Sense, Withings Sleep Mat, Printed Manual, Return shipping slip) and clicks confirm",Subject does not check Fitbit Sense,Subject does not check Withings Sleep,"Subject clicks 'No, I still can't find it' for Fitbit","Subject clicks 'No, I still can't find it' for Withings","Subject clicks 'Yes, I found it' for both Fitbit and Withings (confirming both devices are in the box)",Subject does not check Printed manual or Return shipping slip,"Subject clicks 'Ok, I got it' on the pop-up explaining that the materials can be printed from the Resources section",Subject starts Fitbit setup,Subject does not start Fitbit setup within 1 day of receiving device kit,Subject adds Fitbit account ,Subject does not add Fitbit account within 1 day of receiving device kit,Subject confirms Fitbit is set up,Subject does not confirm Fitbit setup within 1 day of receiving device kit,Subject starts Withings setup,Subject does not start Withings setup within 1 day of receiving device kit,Subject adds Withings account ,Subject does not add Withings account within 1 day of receiving device kit,Subject confirms Withings is set up,Subject does not confirm Withings setup within 1 day of receiving device kit,1st day of study dates has passed and data has been successfully uploaded,1st day of study dates has passed and data has not been successfully uploaded,Last day of study dates passed,Final ISI has been completed or Day 17 has passed,"Subject clicks 'Confirm' on ""I have sent the device kit back""  ","Subject doesn't click 'Confirm' on ""I have sent the device kit back"" within 3 days of last study date",Kit is marked as Delivered back to Shipper,Kit is not marked as Delivered back to Shipper within 7 days of last study date,Shipper recieves kit back,Shipper doesn't receive kit back within 7 days of last study date,"Subject starts ""End of Study Survey""",Subject clicks 'Done' on End of Study Survey,Subject doesn't start or complete the EoSS within 3 days of the last study date,Subject completes study successfully,Subject withdraws from study,Message in SC inbox - not closed/satisfied,Message in SC inbox - not closed/satisfied - SC hasn't responded to message in 1 day,Message in SC inbox - closed/satisfied
0,, , , , , ,0,1,2,2b,3,4,5,5b,6,7,7b,8,9,10,11,12,12b,13,13b,14,14,15,15b,15c,15d,16,17,17b,18,18b,19,20,20b,21,21b,22,23,23b,24,25,26b,26,27,28,28b,28c,29,30,31,32,33,34,34b,35,36,37,37b,37b,38,38b,38b,38c,38c,38d,38e,38f,39,39b,40,40b,41,41b,42,42b,43,43b,44,44b,45,45b,46,47,48,48b,49,49b,50,50b,51,52,52b,53,w,,,
1,, , , , , ,,,Pre-screening + Account Creation,Pre-screening + Account Creation,Pre-screening + Account Creation,Pre-screening + Account Creation,Pre-screening + Account Creation,Pre-screening + Account Creation,Pre-screening + Account Creation,Informed Consent / Enrolled,Informed Consent / Enrolled,Informed Consent / Enrolled,Informed Consent / Enrolled,Informed Consent / Enrolled,Informed Consent / Enrolled,Informed Consent / Enrolled,Informed Consent / Enrolled,Screening,Screening,Pending Inclusion,Pending Inclusion,Pending Inclusion,Pending Inclusion,Pending Inclusion,Pending Inclusion,In Study,Account set-up + ID Verification + Scheduled,Account set-up + ID Verification + Scheduled,Account set-up + ID Verification + Scheduled,Account set-up + ID Verification + Scheduled,Account set-up + ID Verification + Scheduled,Account set-up + ID Verification + Scheduled,Account set-up + ID Verification + Scheduled,Account set-up + ID Verification + Scheduled,Account set-up + ID Verification + Scheduled,Account set-up + ID Verification + Scheduled,Account set-up + ID Verification + Scheduled,Account set-up + ID Verification + Scheduled,Account set-up + ID Verification + Scheduled,Account set-up + ID Verification + Scheduled,Account set-up + ID Verification + Scheduled,Account set-up + ID Verification + Scheduled,Account set-up + ID Verification + Scheduled,Account set-up + ID Verification + Scheduled,Account set-up + ID Verification + Scheduled,Account set-up + ID Verification + Scheduled,Account set-up + ID Verification + Scheduled,Study App Setup,Study App Setup,Study App Setup,Study App Setup,Study App Setup,Study App Setup,Device kit received,Device kit received,Device kit received,Device kit received,Device kit received,Device kit received,Device kit received,Device kit received,Device kit received,Device kit received,Device kit received,Device kit received,Device kit received,Kit set up + recording,Kit set up + recording,Kit set up + recording,Kit set up + recording,Kit set up + recording,Kit set up + recording,Kit set up + recording,Kit set up + recording,Kit set up + recording,Kit set up + recording,Kit set up + recording,Kit set up + recording,Kit set up + recording,Kit set up + recording,Recording completed,Recording completed,Device kit returned,Device kit returned,Device kit returned,Device kit returned,Device kit returned,Device kit returned,End of Study Survey,End of Study Survey,End of Study Survey,Subject Completion,Subject Completion,Did someone message?,Did someone message?,Did someone message?
2,,1138adcb-8936-43ff-9555-d147a0ecb39e,Email1,,12b,Subject does not complete Informed Consent within 1 day of starting Informed Consent,2022-08-25 13:38:34.826660+00:00,2022-08-25 13:38:31.925000+00:00,2022-08-25 13:39:04.197000+00:00,,2022-08-25 13:39:16.233000+00:00,2022-08-25 13:39:41.579000+00:00,2022-08-25 13:39:42.242000+00:00,,2022-08-25 13:39:57.528000+00:00,2022-08-25 13:40:37.980000+00:00,,2022-08-25 13:40:50.595000+00:00,2022-08-25 13:41:40.562000+00:00,2022-08-25 13:41:46.675000+00:00,2022-08-25 13:41:46.688000+00:00,,2022-08-26 14:05:02.179262+00:00,,,,,,,,,,,,,,,,,,,,,,,,,,,,,,,,,,,,,,,,,,,,,,,,,,,,,,,,,,,,,,,,,,,,,,,,,,,,,,,
3,,1ed52d7a-77f5-41f2-bd9c-598fe0049b8e,Email2,128TEST,34,Subject completes baseline assessment: 1st EMA,2022-09-20 04:44:27.088691+00:00,2022-09-20 04:44:24.160000+00:00,2022-09-20 04:44:25.546000+00:00,,2022-09-20 04:44:31.356000+00:00,2022-09-20 04:44:48.381000+00:00,2022-09-20 04:44:49.006000+00:00,,2022-09-20 04:45:00.739000+00:00,2022-09-20 04:45:12.135000+00:00,,2022-09-20 04:45:17.202000+00:00,2022-09-20 04:45:26.409000+00:00,2022-09-20 04:45:28.365000+00:00,2022-09-20 04:45:28.373000+00:00,2022-09-20 04:45:29.756000+00:00,,2022-09-20 04:45:30.696000+00:00,,2022-09-20 04:46:54.298000+00:00,2022-09-20 04:46:54.298000+00:00,,,2022-09-20 04:46:55.513528+00:00,,2022-09-20 04:47:17.086656+00:00,2022-09-20 04:48:01.290000+00:00,,2022-09-20 04:49:35.730000+00:00,,,2022-09-20 04:49:55.795000+00:00,,2022-09-20 04:50:18.235000+00:00,2022-09-27 05:05:02.404388+00:00,2022-09-20 04:50:22.082000+00:00,2022-09-20 04:50:24.311000+00:00,,2022-09-20 04:50:25.895000+00:00,2022-09-20 04:50:27.594000+00:00,,2022-09-20 04:50:29.518000+00:00,2022-09-20 04:50:30.341000+00:00,2022-09-20 04:51:28.170322+00:00,,,2022-09-20 04:52:22.615855+00:00,2022-09-20 05:00:52.866000+00:00,2022-09-20 05:10:15.944000+00:00,2022-09-20 05:12:58.736000+00:00,2022-09-20 05:13:12.133000+00:00,2022-09-20 05:13:25.001000+00:00,,,,,,,,,,,,,,,,,,,,,,,,,,,2022-09-21 13:40:00.419678+00:00,,,,,,,,,,,,,,,,,
4,,5f0427e3-80d6-4d21-99fc-fd0fd648dbe2,Email3,129TEST,34,Subject completes baseline assessment: 1st EMA,2022-09-21 12:10:24.974217+00:00,2022-09-21 12:10:21.098000+00:00,2022-09-21 12:10:22.299000+00:00,,2022-09-21 12:10:28.775000+00:00,2022-09-21 12:11:50.794000+00:00,2022-09-21 12:11:51.436000+00:00,,2022-09-21 12:12:03.125000+00:00,2022-09-21 12:12:10.818000+00:00,,2022-09-21 12:12:15.613000+00:00,2022-09-21 12:12:28.406000+00:00,2022-09-21 12:12:29.824000+00:00,2022-09-21 12:12:29.834000+00:00,2022-09-21 12:12:32.300000+00:00,,2022-09-21 12:12:33.308000+00:00,,2022-09-21 12:13:42.984000+00:00,2022-09-21 12:13:42.984000+00:00,,,2022-09-21 12:13:43.481402+00:00,,2022-09-21 12:14:02.388738+00:00,2022-09-21 12:14:54.178000+00:00,,2022-09-21 12:14:56.433000+00:00,,,2022-09-21 12:15:04.255000+00:00,,2022-09-21 12:15:17.220000+00:00,2022-09-28 13:05:02.439265+00:00,2022-09-21 12:15:18.424000+00:00,2022-09-21 12:15:20.080000+00:00,,2022-09-21 12:15:21.394000+00:00,2022-09-21 12:15:22.910000+00:00,,2022-09-21 12:15:24.898000+00:00,2022-09-21 12:15:25.322000+00:00,2022-09-21 12:15:38.908904+00:00,,,2022-09-21 12:16:08.244881+00:00,2022-09-21 12:17:57.798000+00:00,2022-09-21 12:18:05.948000+00:00,2022-09-21 12:18:18.920000+00:00,2022-09-21 12:18:25.494000+00:00,2022-09-21 12:18:30.009000+00:00,,,,,,,,,,,,,,,,,,,,,,,,,,,,,2022-09-29 00:35:00.168473+00:00,,,,,,,,,,,,,,,
5,,11165a8e-669f-4940-96d9-8fd222799189,Email4,,7b,Subject does not start informed consent for 3 days after completing account creation,2022-08-26 16:04:40.370871+00:00,2022-08-26 16:04:37.268000+00:00,2022-09-01 13:38:22.249000+00:00,,2022-09-01 13:38:27.962000+00:00,2022-09-01 13:38:54.353000+00:00,2022-09-01 13:39:13.713000+00:00,,2022-09-01 13:39:31.362000+00:00,,2022-09-04 17:05:01.453901+00:00,,,,,,,,,,,,,,,,,,,,,,,,,,,,,,,,,,,,,,,,,,,,,,,,,,,,,,,,,,,,,,,,,,,,,,,,,,,,,,,,,,,,,
6,,1572d6f6-a854-40dc-a2cc-0a54ad9b85a1,Email5,,15b,Subject automatically fails screening,2022-09-19 08:53:08.756840+00:00,2022-09-19 08:53:06.453000+00:00,2022-09-20 04:34:21.691000+00:00,,2022-09-20 04:34:32.534000+00:00,2022-09-20 04:34:55.142000+00:00,2022-09-20 04:34:56.230000+00:00,,2022-09-20 04:35:19.155000+00:00,2022-09-20 04:42:31.656000+00:00,,2022-09-20 04:42:38.653000+00:00,2022-09-20 04:42:53.555000+00:00,2022-09-20 04:42:55.344000+00:00,2022-09-20 04:42:55.351000+00:00,2022-09-20 04:42:57.406000+00:00,,2022-09-20 04:42:58.428000+00:00,,2022-09-20 04:44:09.338000+00:00,2022-09-20 04:44:09.338000+00:00,,2022-09-20 04:44:11.180685+00:00,,,,,,,,,,,,,,,,,,,,,,,,,,,,,,,,,,,,,,,,,,,,,,,,,,,,,,,,,,,,,,,,,,,,,,,,,
7,,a742d518-caf2-4b9d-ba7a-b5540c904715,Email6,131TEST,17b,Subject does not click Account Setup button for 7 days,2022-09-22 07:44:23.548686+00:00,2022-09-22 07:44:19.571000+00:00,2022-09-22 07:44:20.649000+00:00,,2022-09-22 07:44:25.427000+00:00,2022-09-22 07:44:39.261000+00:00,2022-09-22 07:44:39.780000+00:00,,2022-09-22 07:44:54.570000+00:00,2022-09-22 07:49:08.733000+00:00,,2022-09-22 07:49:14.006000+00:00,2022-09-22 07:51:40.081000+00:00,2022-09-22 07:51:41.429000+00:00,2022-09-22 07:51:41.437000+00:00,2022-09-22 07:51:43.025000+00:00,,2022-09-22 07:51:44.238000+00:00,,2022-09-22 07:53:04.587000+00:00,2022-09-22 07:53:04.587000+00:00,,,,,2022-09-22 07:53:44.493151+00:00,,2022-09-29 08:05:00.785305+00:00,,2022-09-29 08:05:00.785999+00:00,,,,,2022-09-29 08:05:00.786470+00:00,,,2022-09-29 08:05:00.786785+00:00,,,2022-09-29 08:05:00.787072+00:00,,,,,,,,,,,,,,,,,,,,,,,,,,,,,,,,,,,,,,,,,,,,,,,,,,,,,,,
8,,6b2c95fb-0217-450e-9b22-99c3f1a190a6,Email7,,13b,Subject does not complete screening within 5 days of starting,2022-08-05 20:06:07.741315+00:00,2022-08-05 20:06:05.206000+00:00,2022-08-05 20:06:06.902000+00:00,,2022-08-05 20:06:12.724000+00:00,2022-08-05 20:06:59.367000+00:00,2022-08-05 20:06:59.820000+00:00,,2022-08-05 20:07:12.341000+00:00,2022-08-05 20:07:19.723000+00:00,,2022-08-05 20:07:31.935000+00:00,2022-08-05 20:07:44.980000+00:00,2022-08-05 20:07:46.738000+00:00,2022-08-05 20:07:46.756000+00:00,2022-08-05 20:07:49.492000+00:00,,,2022-08-11 20:50:00.236674+00:00,,,,,,,,,,,,,,,,,,,,,,,,,,,,,,,,,,,,,,,,,,,,,,,,,,,,,,,,,,,,,,,,,,,,,,,,,,,,,
9,,f359717e-af9e-42c5-aaea-00297b118090,Email8,037TEST,34b,Step above not completed within 3 days before starting trial,2022-08-05 19:34:28.550478+00:00,2022-08-05 19:34:23.923000+00:00,2022-08-05 19:34:25.133000+00:00,,2022-08-05 19:34:30.901000+00:00,2022-08-05 19:34:45.191000+00:00,2022-08-05 19:34:45.566000+00:00,,2022-08-05 19:35:18.656000+00:00,2022-08-05 19:35:37.309000+00:00,,2022-08-05 19:35:41.868000+00:00,2022-08-05 19:35:54.904000+00:00,2022-08-05 19:35:59.244000+00:00,2022-08-05 19:35:59.261000+00:00,2022-08-05 19:36:01.876000+00:00,,2022-08-05 19:36:02.873000+00:00,,2022-08-05 19:37:10.928000+00:00,2022-08-05 19:37:10.928000+00:00,,,,,2022-08-05 19:37:29.983013+00:00,2022-08-05 19:37:50.847000+00:00,,2022-08-05 19:37:56.216000+00:00,,,2022-08-05 19:38:27.037000+00:00,,2022-08-05 19:38:55.169000+00:00,2022-08-12 20:05:01.625575+00:00,2022-08-05 19:38:56.757000+00:00,2022-08-05 19:38:59.282000+00:00,,2022-08-05 19:39:00.408000+00:00,2022-08-05 19:39:30.722000+00:00,,2022-08-05 19:39:39.380000+00:00,2022-08-05 19:39:41.105000+00:00,2022-08-05 19:40:39.345482+00:00,,,2022-08-05 19:41:25.940441+00:00,,,,,,2022-08-26 00:57:00.263559+00:00,2022-09-08 11:11:35.493608+00:00,,,,,,,,,,,,,,,,,,,,,,,,,,2022-08-31 13:40:00.416246+00:00,2022-09-13 00:35:00.165523+00:00,2022-09-16 00:45:00.457451+00:00,,,,,,,,,2022-09-15 00:15:00.253168+00:00,,,,,
10,,936e4999-b106-4ce6-b997-171ae0752909,Email9,103TEST,34b,Step above not completed within 3 days before starting trial,2022-08-05 21:03:52.571362+00:00,2022-08-05 21:03:49.189000+00:00,2022-08-05 21:03:50.372000+00:00,,2022-08-05 21:03:56.267000+00:00,2022-08-05 21:04:34.268000+00:00,2022-08-05 21:04:34.737000+00:00,,2022-08-05 21:04:53.507000+00:00,2022-08-05 21:04:59.772000+00:00,,2022-08-05 21:05:09.530000+00:00,2022-08-05 21:05:21.300000+00:00,2022-08-05 21:05:23.113000+00:00,2022-08-05 21:05:23.135000+00:00,2022-08-05 21:05:28.675000+00:00,,2022-08-05 21:05:29.917000+00:00,,2022-08-05 21:06:40.676000+00:00,2022-08-05 21:06:40.676000+00:00,,,,,2022-08-05 21:12:46.148816+00:00,2022-08-05 21:14:32.104000+00:00,,2022-08-05 21:14:39.470000+00:00,,,2022-08-05 21:14:54.199000+00:00,,2022-08-05 21:15:04.904000+00:00,2022-08-12 22:05:01.462449+00:00,2022-08-05 21:15:06.466000+00:00,2022-08-05 21:15:08.666000+00:00,,2022-08-05 21:15:09.836000+00:00,2022-08-05 21:15:12.430000+00:00,,2022-08-05 21:15:14.384000+00:00,2022-08-05 21:15:15.221000+00:00,2022-08-05 21:16:13.801759+00:00,,,2022-08-12 08:52:25.161380+00:00,,,,,,2022-08-26 00:57:00.254914+00:00,2022-08-12 08:53:22.473385+00:00,,,2022-09-06 13:10:01.652515+00:00,,,,,,,,,,,,,,,,,,,,,,,2022-08-31 13:40:00.372897+00:00,2022-09-13 00:35:00.171187+00:00,2022-09-16 00:45:00.466915+00:00,,,,,,,,,2022-09-15 00:15:00.260009+00:00,,,,,
11,,f32698f1-a197-42e6-86ef-dc24010107b5,Email10,130TEST,34b,Step above not completed within 3 days before starting trial,2022-09-12 15:08:55.879328+00:00,2022-09-12 15:08:50.485000+00:00,2022-09-12 15:08:52.835000+00:00,,2022-09-12 15:08:59.483000+00:00,2022-09-12 15:09:26.801000+00:00,2022-09-14 18:19:08.310000+00:00,2022-09-21 19:00:03.510319+00:00,2022-09-21 21:49:32.548000+00:00,2022-09-21 21:49:37.500000+00:00,,2022-09-21 21:49:43.180000+00:00,2022-09-21 21:49:53.507000+00:00,2022-09-21 21:49:56.153000+00:00,2022-09-21 21:49:56.168000+00:00,2022-09-21 21:49:58.452000+00:00,,2022-09-21 21:49:59.581000+00:00,,2022-09-21 21:53:00.101000+00:00,2022-09-21 21:53:00.101000+00:00,,,2022-09-21 21:53:00.539457+00:00,,2022-09-21 21:56:42.213774+00:00,2022-09-21 21:58:50.686000+00:00,,2022-09-21 21:58:58.250000+00:00,,,2022-09-21 21:59:14.855000+00:00,,2022-09-21 21:59:29.974000+00:00,2022-09-28 23:05:00.625647+00:00,2022-09-21 21:59:39.181000+00:00,2022-09-21 21:59:41.459000+00:00,,2022-09-21 21:59:43.107000+00:00,2022-09-21 21:59:48.518000+00:00,,2022-09-21 21:59:51.284000+00:00,2022-09-21 21:59:54.185000+00:00,2022-09-21 22:01:04.768247+00:00,,,2022-09-21 22:02:57.357267+00:00,2022-09-21 22:06:06.249000+00:00,,,,,2022-09-27 00:57:00.170841+00:00,,,,,,,,,,,,,,,,,,,,,,,,,,,,,,,,,,,,,,,,,,,
12,,8fcb88ac-0b6f-45e0-9f2f-42ea7b6e09ea,Email11,036TEST,17b,Subject does not click Account Setup button for 7 days,2022-08-05 19:31:10.951236+00:00,2022-08-05 19:31:09.380000+00:00,2022-08-05 19:31:11.787000+00:00,2022-08-05 19:31:19.175000+00:00,2022-08-05 19:31:29.431000+00:00,2022-08-05 19:31:58.620000+00:00,2022-08-05 19:31:59.064000+00:00,,2022-08-05 19:32:16.989000+00:00,2022-08-05 19:32:25.537000+00:00,,2022-08-05 19:32:30.579000+00:00,2022-08-05 19:32:43.444000+00:00,2022-08-05 19:32:45.364000+00:00,2022-08-05 19:32:45.384000+00:00,2022-08-05 19:32:47.500000+00:00,,2022-08-05 19:32:48.695000+00:00,,2022-08-05 19:33:49.780000+00:00,2022-08-05 19:33:49.780000+00:00,,,,,2022-08-05 19:34:04.727851+00:00,,2022-08-12 20:05:02.727092+00:00,,2022-08-12 20:05:02.727650+00:00,,,,,2022-08-12 20:05:02.727876+00:00,,,2022-08-12 20:05:02.728121+00:00,,,2022-08-12 20:05:02.728272+00:00,,,,,,,,,,,,,,,,,,,,,,,,,,,,,,,,,,,,,,,,,,,,,,,,,,,,,,,
13,,e0851a74-7b54-452f-b223-80d034a615c9,Email12,035TEST,17b,Subject does not click Account Setup button for 7 days,2022-08-03 15:29:20.935304+00:00,2022-08-03 15:29:15.595000+00:00,2022-08-05 19:24:44.216000+00:00,,2022-08-05 19:24:50.163000+00:00,2022-08-05 19:26:22.345000+00:00,2022-08-05 19:26:22.870000+00:00,,2022-08-05 19:26:56.306000+00:00,2022-08-05 19:27:42.810000+00:00,,2022-08-05 19:27:47.742000+00:00,2022-08-05 19:28:02.025000+00:00,2022-08-05 19:28:04.126000+00:00,2022-08-05 19:28:04.144000+00:00,2022-08-05 19:28:16.389000+00:00,,2022-08-05 19:28:17.665000+00:00,,2022-08-05 19:29:23.985000+00:00,2022-08-05 19:29:23.985000+00:00,,,,,2022-08-05 19:30:00.797933+00:00,,2022-08-12 20:05:01.710723+00:00,,2022-08-12 20:05:01.711767+00:00,,,,,2022-08-12 20:05:01.712352+00:00,,,2022-08-12 20:05:01.712893+00:00,,,2022-08-12 20:05:01.713422+00:00,,,,,,,,,,,,,,,,,,,,,,,,,,,,,,,,,,,,,,,,,,,,,,,,,,,,,,,
14,,7c292e05-ed93-4be3-aa89-017380b5253d,Email13,039TEST,21b,Subject does not provide physical address within 7 days (of being accepted into the study),2022-08-05 20:08:38.992607+00:00,2022-08-05 20:08:35.134000+00:00,2022-08-05 20:08:36.756000+00:00,2022-08-05 20:08:42.261000+00:00,2022-08-05 20:08:50.966000+00:00,2022-08-05 20:09:22.018000+00:00,2022-08-05 20:09:22.550000+00:00,,2022-08-05 20:09:31.596000+00:00,2022-08-05 20:09:37.585000+00:00,,2022-08-05 20:09:41.981000+00:00,2022-08-05 20:09:52.824000+00:00,2022-08-05 20:09:55.828000+00:00,2022-08-05 20:09:55.853000+00:00,2022-08-05 20:09:57.685000+00:00,,2022-08-05 20:09:58.638000+00:00,,2022-08-05 20:10:57.074000+00:00,2022-08-05 20:10:57.074000+00:00,,,,,2022-08-05 20:11:34.691548+00:00,2022-08-12 21:28:23.420000+00:00,,2022-08-12 21:28:44.327000+00:00,,,2022-08-12 21:33:34.068000+00:00,,2022-08-12 21:35:37.536000+00:00,2022-08-12 22:05:02.614683+00:00,,,2022-08-12 21:05:02.538697+00:00,,,2022-08-12 21:05:02.539025+00:00,,,,,,,,,,,,,,,,,,,,,,,,,,,,,,,,,,,,,,,,,,,,,,,,,,,,,,,
15,,91fa963c-8f84-41a7-8c44-3923395a2c85,Email14,038TEST,40b,Subject does not add Fitbit account within 1 day of receiving device kit,2022-08-05 19:43:51.762388+00:00,2022-08-05 19:43:50.174000+00:00,2022-08-05 19:43:51.567000+00:00,,2022-08-05 19:43:57.964000+00:00,2022-08-05 19:47:12.662000+00:00,2022-08-05 19:47:13.170000+00:00,,2022-08-05 19:47:25.549000+00:00,2022-08-05 19:47:33.546000+00:00,,2022-08-05 19:47:38.122000+00:00,2022-08-05 19:47:50.382000+00:00,2022-08-05 19:47:52.543000+00:00,2022-08-05 19:47:52.566000+00:00,2022-08-05 19:47:55.561000+00:00,,2022-08-05 19:47:59.752000+00:00,,2022-08-05 19:48:59.518000+00:00,2022-08-05 19:48:59.518000+00:00,,,,,2022-08-05 19:49:28.555877+00:00,2022-08-05 19:50:04.472000+00:00,,2022-08-05 19:50:11.430000+00:00,,,2022-08-05 19:50:37.102000+00:00,,2022-08-05 19:50:50.733000+00:00,2022-08-12 20:05:02.083767+00:00,2022-08-05 19:50:52.021000+00:00,2022-08-05 19:50:54.086000+00:00,,2022-08-05 19:50:55.650000+00:00,2022-08-05 19:51:01.867000+00:00,,2022-08-05 19:51:03.897000+00:00,2022-08-05 19:51:04.531000+00:00,2022-08-05 19:51:37.644766+00:00,,,2022-08-05 19:53:21.119159+00:00,,,,,,,,,2022-08-18 13:08:26.186000+00:00,,,2022-08-18 13:09:40.597000+00:00,,,,,,,,2022-08-18 13:36:09.657000+00:00,,,2022-09-06 13:10:02.948306+00:00,,2022-09-06 13:10:02.949517+00:00,2022-08-18 13:36:18.728000+00:00,,,2022-09-06 13:10:02.949042+00:00,,2022-09-06 13:10:02.949876+00:00,,2022-08-31 13:40:00.430184+00:00,2022-09-13 00:35:00.177363+00:00,2022-09-16 00:45:00.476376+00:00,,,,,,,,,2022-09-15 00:15:00.266985+00:00,,,,,
16,,7eda4836-6e82-4775-b82e-b628ce76b074,Email15,102TEST,34b,Step above not completed within 3 days before starting trial,2022-08-05 20:56:36.130389+00:00,2022-08-05 20:56:32.969000+00:00,2022-08-05 20:57:55.377000+00:00,,2022-08-05 20:58:01.372000+00:00,2022-08-05 20:58:38.977000+00:00,2022-08-05 20:58:39.753000+00:00,,2022-08-05 20:58:49.217000+00:00,2022-08-05 20:58:56.868000+00:00,,2022-08-05 20:59:01.623000+00:00,2022-08-05 20:59:13.465000+00:00,2022-08-05 20:59:15.037000+00:00,2022-08-05 20:59:15.056000+00:00,2022-08-05 20:59:16.883000+00:00,,2022-08-05 20:59:17.995000+00:00,,2022-08-05 21:00:21.052000+00:00,2022-08-05 21:00:21.052000+00:00,,,,,2022-08-05 21:00:52.883407+00:00,2022-08-05 21:01:17.607000+00:00,,2022-08-05 21:01:22.761000+00:00,,,2022-08-05 21:01:33.794000+00:00,,2022-08-05 21:01:44.989000+00:00,2022-08-12 22:05:01.364331+00:00,2022-08-05 21:01:46.261000+00:00,2022-08-05 21:01:50.656000+00:00,,2022-08-05 21:01:51.967000+00:00,2022-08-05 21:01:54.625000+00:00,,2022-08-05 21:01:56.557000+00:00,2022-08-05 21:01:57.174000+00:00,2022-08-05 21:02:35.072770+00:00,,,2022-08-05 21:03:28.504516+00:00,,,,,,2022-08-26 00:57:00.238055+00:00,,,2022-08-11 16:00:49.003000+00:00,,,2022-08-11 16:00:53.488000+00:00,,,,,,,,,2022-09-06 13:10:02.938469+00:00,,2022-09-06 13:10:02.939227+00:00,,2022-09-06 13:10:02.939712+00:00,,2022-09-06 13:10:02.938933+00:00,,2022-09-06 13:10:02.939471+00:00,,2022-09-06 13:10:02.939941+00:00,,2022-08-31 13:40:00.333769+00:00,2022-09-13 00:35:00.153183+00:00,2022-09-16 00:45:00.436573+00:00,,,,,,,,,2022-09-15 00:15:00.233403+00:00,,,,,
17,,f7809e79-6c33-439a-ae2b-c6ad5a99bc6f,Email16,,12,ICF signature submitted (any version),2022-08-05 19:59:04.101890+00:00,2022-08-05 19:58:58.528000+00:00,2022-08-05 20:03:35.604000+00:00,,2022-08-05 20:03:41.925000+00:00,2022-08-05 20:04:22.567000+00:00,2022-08-05 20:04:23.046000+00:00,,2022-08-05 20:04:39.947000+00:00,2022-08-18 13:40:28.443000+00:00,,2022-08-18 13:48:22.042000+00:00,2022-08-18 13:51:05.146000+00:00,2022-08-18 13:51:27.212000+00:00,2022-08-18 13:51:27.236000+00:00,2022-08-18 13:51:51.139000+00:00,,,,,,,,,,,,,,,,,,,,,,,,,,,,,,,,,,,,,,,,,,,,,,,,,,,,,,,,,,,,,,,,,,,,,,,,,,,,,,,,
18,,5a1c2907-5736-42a1-ad57-eae441637930,Email17,101TEST,34b,Step above not completed within 3 days before starting trial,2022-08-05 20:49:45.751150+00:00,2022-08-05 20:49:44.056000+00:00,2022-08-05 20:49:45.716000+00:00,2022-08-05 20:49:52.394000+00:00,2022-08-05 20:50:00.597000+00:00,2022-08-05 20:50:39.812000+00:00,2022-08-05 20:50:40.248000+00:00,,2022-08-05 20:50:58.627000+00:00,2022-08-05 20:51:05.654000+00:00,,2022-08-05 20:51:10.082000+00:00,2022-08-05 20:51:22.718000+00:00,2022-08-05 20:51:24.825000+00:00,2022-08-05 20:51:24.856000+00:00,2022-08-05 20:51:32.849000+00:00,,2022-08-05 20:51:34.349000+00:00,,2022-08-05 20:52:38.852000+00:00,2022-08-05 20:52:38.852000+00:00,,,,,2022-08-05 20:52:58.623353+00:00,2022-08-05 20:53:14.121000+00:00,,2022-08-05 20:53:19.875000+00:00,,,2022-08-05 20:53:31.971000+00:00,,2022-08-05 20:53:44.208000+00:00,2022-08-12 21:05:02.340621+00:00,2022-08-05 20:53:45.416000+00:00,2022-08-05 20:53:47.547000+00:00,,2022-08-05 20:53:49.407000+00:00,2022-08-05 20:54:00.154000+00:00,,2022-08-05 20:54:02.873000+00:00,2022-08-05 20:54:04.020000+00:00,2022-08-05 20:54:36.356868+00:00,,,2022-08-05 20:55:03.781857+00:00,,,,,,2022-08-26 00:57:00.212289+00:00,,,2022-08-15 19:16:35.637000+00:00,2022-08-31 18:10:00.153860+00:00,,,2022-08-15 19:16:42.789000+00:00,2022-08-15 19:16:42.793000+00:00,,,,2022-08-15 19:16:42.785000+00:00,,,,,,,,,,,,,,,2022-08-31 13:40:00.314275+00:00,2022-09-13 00:35:00.140068+00:00,2022-09-16 00:45:00.418927+00:00,,,,,,,,,2022-09-15 00:15:00.217496+00:00,,,,,
19,,f2be627c-76d9-4777-86f8-d826b40b4ea7,Email18,,13b,Subject does not complete screening within 5 days of starting,2022-08-23 08:28:36.808140+00:00,2022-08-23 08:28:31.402000+00:00,2022-08-23 08:28:34.673000+00:00,,2022-08-23 08:35:08.225000+00:00,2022-08-23 08:35:33.833000+00:00,2022-08-23 08:35:34.898000+00:00,,2022-08-23 08:35:47.184000+00:00,2022-08-23 08:36:07.770000+00:00,,2022-08-23 08:36:18.184000+00:00,2022-08-23 08:36:32.995000+00:00,2022-08-23 08:36:35.695000+00:00,2022-08-23 08:36:35.735000+00:00,2022-08-23 08:36:49.526000+00:00,,2022-08-23 08:38:08.831000+00:00,2022-08-29 08:50:00.182425+00:00,,,,,,,,,,,,,,,,,,,,,,,,,,,,,,,,,,,,,,,,,,,,,,,,,,,,,,,,,,,,,,,,,,,,,,,,,,,,,
20,,e1b3ee71-2d88-4e4c-914c-fca619ec7e66,Email19,,7b,Subject does not start informed consent for 3 days after completing account creation,2022-08-08 17:33:43.389746+00:00,2022-08-08 17:33:41.678000+00:00,2022-08-08 17:33:43.266000+00:00,,2022-08-08 17:33:49.628000+00:00,2022-08-08 17:34:13.289000+00:00,2022-08-08 17:34:13.648000+00:00,,2022-08-08 17:34:24.538000+00:00,,2022-08-11 18:05:01.535133+00:00,,,,,,,,,,,,,,,,,,,,,,,,,,,,,,,,,,,,,,,,,,,,,,,,,,,,,,,,,,,,,,,,,,,,,,,,,,,,,,,,,,,,,
21,,04b26086-1d6f-4b93-9a4a-65baaa005874,Email20,115TEST,23b,Subject does not submit government ID or request video chat within 7 days (of being accepted into the study),2022-08-09 21:15:33.012522+00:00,2022-08-09 21:15:25.965000+00:00,2022-08-09 21:15:26.892000+00:00,,2022-08-09 21:15:32.997000+00:00,2022-08-09 21:15:49.328000+00:00,2022-08-09 21:15:49.695000+00:00,,2022-08-09 21:16:00.289000+00:00,2022-08-09 21:16:07.424000+00:00,,2022-08-09 21:16:12.145000+00:00,2022-08-09 21:16:22.590000+00:00,2022-08-09 21:16:24.078000+00:00,2022-08-09 21:16:24.099000+00:00,2022-08-09 21:16:26.855000+00:00,,2022-08-09 21:16:35.661000+00:00,,2022-08-09 21:17:33.919000+00:00,2022-08-09 21:17:33.919000+00:00,,,,,2022-08-09 21:18:09.485946+00:00,2022-08-09 21:18:22.410000+00:00,,2022-08-09 21:18:27.582000+00:00,,,2022-08-09 21:18:40.933000+00:00,,2022-08-09 21:18:52.022000+00:00,2022-08-16 22:05:01.099506+00:00,2022-08-09 21:18:53.343000+00:00,2022-08-09 21:19:06.408000+00:00,2022-08-16 22:05:01.100052+00:00,,,2022-08-16 22:05:01.100374+00:00,,,,,,,,,,,,,,,,,,,,,,,,,,,,,,,,,,,,,,,,,,,,,,,,,,,,,,,
22,,f810a67a-04f3-4941-9f8a-93f1dbdcb7bd,Email21,133TEST,29,Shipper confirms subject start dates,2022-09-21 22:38:12.215215+00:00,2022-09-21 22:38:10.135000+00:00,2022-09-28 17:17:24.985000+00:00,,2022-09-28 17:17:33.690000+00:00,2022-09-28 17:17:55.043000+00:00,2022-09-28 17:18:02.287000+00:00,,2022-09-28 17:18:27.294000+00:00,2022-09-28 17:18:56.044000+00:00,,2022-09-28 17:22:13.919000+00:00,2022-09-28 17:22:52.784000+00:00,2022-09-28 17:23:02.755000+00:00,2022-09-28 17:23:02.780000+00:00,2022-09-28 17:23:10.334000+00:00,,2022-09-28 17:23:21.093000+00:00,,2022-09-28 17:24:56.526000+00:00,2022-09-28 17:24:56.526000+00:00,,,2022-09-28 17:24:56.938180+00:00,,2022-09-28 17:27:52.141315+00:00,2022-09-28 17:28:09.923000+00:00,,2022-09-28 17:28:18.558000+00:00,,,2022-09-28 17:28:32.742000+00:00,,2022-09-28 17:29:03.217000+00:00,,2022-09-28 17:29:18.551000+00:00,2022-09-28 17:30:42.656000+00:00,,2022-09-28 17:30:46.283000+00:00,2022-09-28 17:31:12.616000+00:00,,2022-09-28 17:31:17.135000+00:00,2022-09-28 17:31:24.710000+00:00,2022-09-28 17:33:40.746805+00:00,,,2022-09-28 17:35:05.434615+00:00,,,,,,,,,,,,,,,,,,,,,,,,,,,,,,,,,,,,,,,,,,,,,,,,,
23,,99b9d2b8-6443-4b22-a186-234d1482e6b9,Email22,,14,Subject completes all screening questions,2022-08-09 21:08:18.022326+00:00,2022-08-09 21:08:15.990000+00:00,2022-08-09 21:08:19.635000+00:00,,2022-08-09 21:08:27.320000+00:00,2022-08-09 21:08:40.634000+00:00,2022-08-09 21:08:41.099000+00:00,,2022-08-09 21:08:58.479000+00:00,2022-08-09 21:09:06.907000+00:00,,2022-08-09 21:09:11.167000+00:00,2022-08-09 21:09:22.681000+00:00,2022-08-09 21:09:24.082000+00:00,2022-08-09 21:09:24.102000+00:00,2022-08-09 21:09:25.931000+00:00,,2022-08-09 21:09:26.773000+00:00,,2022-08-09 21:13:32.330000+00:00,2022-08-09 21:13:32.330000+00:00,,,,,,,,,,,,,,,,,,,,,,,,,,,,,,,,,,,,,,,,,,,,,,,,,,,,,,,,,,,,,,,,,,,,,,,,,,,
24,,132bf5a4-38a8-492a-bd6b-b52188d9e11c,Email23,,5,Visitor pending email confirmation,2022-09-01 20:42:20.083369+00:00,2022-09-01 20:42:18.253000+00:00,2022-09-01 20:44:54.279000+00:00,,2022-09-01 20:45:08.239000+00:00,2022-09-01 20:45:34.533000+00:00,2022-09-01 20:45:34.975000+00:00,,,,2022-09-04 21:05:01.507384+00:00,,,,,,,,,,,,,,,,,,,,,,,,,,,,,,,,,,,,,,,,,,,,,,,,,,,,,,,,,,,,,,,,,,,,,,,,,,,,,,,,,,,,,
25,,65dc3a80-ddd1-4f69-80ba-2689fd4761c2,Email24,100TEST,26,Subject submits 2nd set of scheduling preferences dates,2022-08-05 20:16:56.225874+00:00,2022-08-05 20:16:53.334000+00:00,2022-08-05 20:17:09.882000+00:00,,2022-08-05 20:17:15.563000+00:00,2022-08-05 20:17:46.852000+00:00,2022-08-05 20:17:47.354000+00:00,,2022-08-05 20:17:58.111000+00:00,2022-08-05 20:18:05.323000+00:00,,2022-08-05 20:18:09.769000+00:00,2022-08-05 20:18:22.738000+00:00,2022-08-05 20:18:24.386000+00:00,2022-08-05 20:18:24.406000+00:00,2022-08-05 20:18:28.105000+00:00,,2022-08-05 20:18:29.152000+00:00,,2022-08-05 20:19:24.508000+00:00,2022-08-05 20:19:24.508000+00:00,,,,,2022-08-05 20:19:40.117669+00:00,2022-08-05 20:20:03.737000+00:00,,2022-08-05 20:20:08.747000+00:00,,,2022-08-05 20:20:22.985000+00:00,,2022-08-05 20:20:36.784000+00:00,2022-08-12 21:05:01.134650+00:00,2022-08-05 20:20:38.328000+00:00,2022-08-05 20:21:11.535000+00:00,2022-08-12 21:05:01.136962+00:00,2022-08-15 14:29:45.196000+00:00,2022-08-15 14:30:35.635000+00:00,2022-08-15 15:05:01.298067+00:00,2022-08-15 14:31:15.733000+00:00,,,,,,,,,,,,,,,,,,,,,,,,,,,,,,,,,,,,,,,,,,,,,,,,,,,,,,
26,,9732f04a-81f0-4839-8996-b53af05c4968,Email25,132TEST,34b,Step above not completed within 3 days before starting trial,2022-09-22 07:56:10.916923+00:00,2022-09-22 07:56:07.865000+00:00,2022-09-22 07:56:08.702000+00:00,,2022-09-22 07:56:14.397000+00:00,2022-09-22 07:56:52.869000+00:00,2022-09-22 07:56:53.471000+00:00,,2022-09-22 07:57:08.551000+00:00,2022-09-22 07:57:20.410000+00:00,,2022-09-22 07:57:24.914000+00:00,2022-09-22 07:57:34.703000+00:00,2022-09-22 07:57:36.214000+00:00,2022-09-22 07:57:36.221000+00:00,2022-09-22 07:57:37.856000+00:00,,2022-09-22 07:57:39.201000+00:00,,2022-09-22 07:58:35.157000+00:00,2022-09-22 07:58:35.157000+00:00,,,2022-09-22 07:58:36.320520+00:00,,2022-09-22 09:44:37.561459+00:00,2022-09-22 09:45:10.797000+00:00,,2022-09-22 09:45:16.431000+00:00,,,2022-09-22 09:45:25.549000+00:00,,2022-09-22 09:45:46.780000+00:00,2022-09-29 10:05:00.644892+00:00,2022-09-22 09:45:48.148000+00:00,2022-09-22 09:45:53.111000+00:00,,2022-09-22 09:45:54.421000+00:00,2022-09-22 09:45:55.765000+00:00,,2022-09-22 09:45:57.274000+00:00,2022-09-22 09:45:57.810000+00:00,2022-09-22 09:47:39.515945+00:00,,,2022-09-22 09:55:57.557695+00:00,2022-09-22 09:57:24.113000+00:00,,2022-09-22 10:02:05.638000+00:00,,,2022-09-22 09:57:00.205214+00:00,,,,,,,,,,,,,,,,,,,,,,,,,,,2022-09-24 13:40:00.225741+00:00,,,,,,,,,,,,,,,,
27,,f1f199d7-5135-4d9d-aace-a52f2e63e10b,Email26,111TEST,34b,Step above not completed within 3 days before starting trial,2022-08-08 17:09:51.283623+00:00,2022-08-08 17:09:49.217000+00:00,2022-08-08 17:09:51.592000+00:00,,2022-08-08 17:09:56.765000+00:00,2022-08-08 17:10:22.144000+00:00,2022-08-08 17:10:22.494000+00:00,,2022-08-08 17:10:48.577000+00:00,2022-08-08 17:10:57.117000+00:00,,2022-08-08 17:11:01.429000+00:00,2022-08-08 17:11:13.512000+00:00,2022-08-08 17:11:15.283000+00:00,2022-08-08 17:11:15.299000+00:00,2022-08-08 17:11:17.731000+00:00,,2022-08-08 17:11:18.679000+00:00,,2022-08-08 17:12:18.396000+00:00,2022-08-08 17:12:18.396000+00:00,,,,,2022-08-08 17:19:02.343663+00:00,2022-08-08 17:21:57.224000+00:00,,2022-08-08 17:22:01.987000+00:00,,,2022-08-08 17:22:16.653000+00:00,,2022-08-08 17:22:27.688000+00:00,2022-08-15 18:05:01.423472+00:00,2022-08-08 17:22:29.008000+00:00,2022-08-08 17:22:31.041000+00:00,,2022-08-08 17:22:32.030000+00:00,2022-08-08 17:23:52.493000+00:00,,2022-08-08 17:23:55.470000+00:00,2022-08-08 17:23:56.366000+00:00,2022-08-08 17:28:20.940697+00:00,,,2022-08-08 17:29:38.908144+00:00,,,,,,2022-08-26 00:57:00.200776+00:00,,,,,2022-09-09 16:58:16.359000+00:00,,,,,,,,,,2022-09-10 17:10:00.628288+00:00,,2022-09-10 17:10:00.629775+00:00,,2022-09-10 17:10:00.630311+00:00,,2022-09-10 17:10:00.629127+00:00,,2022-09-10 17:10:00.630056+00:00,,2022-09-10 17:10:00.631406+00:00,,2022-09-09 17:40:00.217158+00:00,2022-09-13 00:35:00.124998+00:00,2022-09-16 00:45:00.348307+00:00,,,,,,,,,2022-09-15 00:15:00.197576+00:00,,,,,
28,,b33323de-9109-4e8f-8561-719a86282f65,Email27,,13b,Subject does not complete screening within 5 days of starting,2022-08-09 21:03:57.667385+00:00,2022-08-09 21:03:52.267000+00:00,2022-08-09 21:03:54.948000+00:00,,2022-08-09 21:04:02.313000+00:00,2022-08-09 21:04:25.227000+00:00,2022-08-09 21:04:25.597000+00:00,,2022-08-09 21:04:34.223000+00:00,2022-08-09 21:04:40.209000+00:00,,2022-08-09 21:04:44.577000+00:00,2022-08-09 21:04:57.876000+00:00,2022-08-09 21:05:00.089000+00:00,2022-08-09 21:05:00.109000+00:00,2022-08-09 21:05:02.705000+00:00,,,2022-08-15 21:50:00.205505+00:00,,,,,,,,,,,,,,,,,,,,,,,,,,,,,,,,,,,,,,,,,,,,,,,,,,,,,,,,,,,,,,,,,,,,,,,,,,,,,
29,,5ede87d0-8ae6-4a62-adf2-a27a3a551629,Email28,,15b,Subject automatically fails screening,2022-08-08 17:13:22.147296+00:00,2022-08-08 17:13:17.802000+00:00,2022-08-08 17:13:18.834000+00:00,,2022-08-08 17:13:25.221000+00:00,2022-08-08 17:14:22.720000+00:00,2022-08-08 17:14:23.171000+00:00,,2022-08-08 17:14:47.329000+00:00,2022-08-08 17:14:53.031000+00:00,,2022-08-08 17:14:57.551000+00:00,2022-08-08 17:15:25.989000+00:00,2022-08-08 17:15:27.651000+00:00,2022-08-08 17:15:27.671000+00:00,2022-08-08 17:15:29.965000+00:00,,2022-08-08 17:15:31.551000+00:00,,2022-08-08 17:16:38.273000+00:00,2022-08-08 17:16:38.273000+00:00,,2022-08-08 17:16:39.687434+00:00,,,,,,,,,,,,,,,,,,,,,,,,,,,,,,,,,,,,,,,,,,,,,,,,,,,,,,,,,,,,,,,,,,,,,,,,,
30,,ce7d88df-8189-4f77-a3f9-0a87a97fcf35,Email29,106TEST,34b,Step above not completed within 3 days before starting trial,2022-08-05 21:18:17.810824+00:00,2022-08-05 21:18:14.537000+00:00,2022-08-05 21:18:16.486000+00:00,,2022-08-05 21:18:21.718000+00:00,2022-08-05 21:19:01.267000+00:00,2022-08-05 21:19:01.713000+00:00,,2022-08-05 21:19:09.452000+00:00,2022-08-05 21:19:21.320000+00:00,,2022-08-05 21:19:25.363000+00:00,2022-08-05 21:19:46.795000+00:00,2022-08-05 21:19:48.185000+00:00,2022-08-05 21:19:48.200000+00:00,2022-08-05 21:19:51.500000+00:00,,2022-08-05 21:19:52.796000+00:00,,2022-08-05 21:20:58.444000+00:00,2022-08-05 21:20:58.444000+00:00,,,,,2022-08-05 21:21:41.662591+00:00,2022-08-05 21:22:21.844000+00:00,,2022-08-05 21:22:28.196000+00:00,,,2022-08-05 21:22:41.656000+00:00,,2022-08-05 21:22:57.950000+00:00,2022-08-12 22:05:02.847276+00:00,2022-08-05 21:22:59.396000+00:00,2022-08-05 21:23:01.505000+00:00,,2022-08-05 21:23:02.603000+00:00,2022-08-05 21:23:04.540000+00:00,,2022-08-05 21:23:08.252000+00:00,2022-08-05 21:23:09.911000+00:00,2022-08-05 21:24:10.070567+00:00,,,2022-08-05 21:24:48.013798+00:00,,,,,,2022-08-26 00:57:00.228939+00:00,,,,,,,,,,,,,,,,,,,,,,,,,,,2022-08-31 13:40:00.275631+00:00,2022-09-13 00:35:00.147138+00:00,2022-09-16 00:45:00.239030+00:00,,,,,,,,,2022-09-15 00:15:00.180667+00:00,,,,,
31,,64d3e57b-bc26-434d-9890-4e425549dbe7,Email30,113TEST,34b,Step above not completed within 3 days before starting trial,2022-08-09 19:16:20.262359+00:00,2022-08-09 19:16:15.507000+00:00,2022-08-09 19:43:39.294000+00:00,,2022-08-09 19:43:44.465000+00:00,2022-08-09 19:44:04.279000+00:00,2022-08-09 19:44:04.859000+00:00,,2022-08-09 19:44:24.697000+00:00,2022-08-09 19:44:31.059000+00:00,,2022-08-09 19:44:36.779000+00:00,2022-08-09 19:44:49.162000+00:00,2022-08-09 19:44:50.868000+00:00,2022-08-09 19:44:50.889000+00:00,2022-08-09 19:44:52.970000+00:00,,2022-08-09 19:44:53.896000+00:00,,2022-08-09 19:46:54.737000+00:00,2022-08-09 19:46:54.737000+00:00,,,,,2022-08-09 19:48:25.994438+00:00,2022-08-09 19:54:45.932000+00:00,,2022-08-09 19:54:50.844000+00:00,,,2022-08-09 19:55:05.445000+00:00,,2022-08-09 19:55:23.586000+00:00,2022-08-16 20:05:00.927495+00:00,2022-08-09 19:55:24.956000+00:00,2022-08-09 19:55:26.814000+00:00,,2022-08-09 19:55:27.916000+00:00,2022-08-09 19:55:32.679000+00:00,,2022-08-09 19:55:35.447000+00:00,2022-08-09 19:55:37.057000+00:00,2022-08-09 19:56:39.077979+00:00,,,2022-08-09 19:57:29.951040+00:00,2022-08-15 14:43:34.030000+00:00,,,,,2022-08-15 14:57:00.180732+00:00,,,2022-08-11 15:58:15.481000+00:00,,,2022-08-11 15:58:20.750000+00:00,,,,,,,,2022-08-11 16:44:38.129000+00:00,,2022-08-11 16:44:49.885000+00:00,,2022-08-11 16:44:55.821000+00:00,,2022-08-11 16:45:09.540000+00:00,,2022-08-11 16:45:44.856000+00:00,,2022-08-11 16:45:52.514000+00:00,,2022-08-19 13:40:00.218153+00:00,,2022-09-01 00:35:00.083504+00:00,2022-09-04 00:45:00.137767+00:00,,2022-09-03 00:20:00.196818+00:00,,,,,,,2022-09-03 00:15:00.219294+00:00,,,,,
32,,f13e6efe-5521-4b16-929d-fef5fc24d733,Email31,,7b,Subject does not start informed consent for 3 days after completing account creation,2022-08-05 21:17:15.130760+00:00,2022-08-05 21:17:09.801000+00:00,2022-08-05 21:17:11.112000+00:00,,2022-08-05 21:17:16.876000+00:00,2022-08-05 21:17:48.882000+00:00,2022-08-05 21:17:49.239000+00:00,,2022-08-05 21:17:58.777000+00:00,,2022-08-08 22:05:02.256033+00:00,,,,,,,,,,,,,,,,,,,,,,,,,,,,,,,,,,,,,,,,,,,,,,,,,,,,,,,,,,,,,,,,,,,,,,,,,,,,,,,,,,,,,
33,,ac675181-d54c-4c6a-8620-22802a6e5b08,Email32,009TEST,48b,"Subject doesn't click 'Confirm' on ""I have sent the device kit back"" within 3 days of last study date",2022-07-20 17:53:48.384819+00:00,2022-07-20 17:53:45+00:00,2022-07-20 17:54:58+00:00,,2022-07-20 17:55:08+00:00,2022-07-20 17:55:36+00:00,2022-07-20 17:55:37+00:00,,2022-07-20 17:55:51+00:00,2022-07-20 17:56:15+00:00,,2022-07-20 17:58:36+00:00,2022-07-20 17:58:57+00:00,2022-07-20 17:59:00+00:00,2022-07-20 17:59:01+00:00,2022-07-20 17:59:12+00:00,,2022-07-20 17:59:25+00:00,,2022-07-20 18:01:22+00:00,2022-07-20 18:01:22+00:00,,,,,2022-07-20 18:02:07.855325+00:00,2022-07-20 18:02:23+00:00,,2022-07-20 18:02:29+00:00,,,2022-07-20 18:02:42+00:00,,2022-07-20 18:05:46+00:00,2022-07-27 19:05:01.058963+00:00,2022-07-20 18:05:57+00:00,2022-07-20 18:06:56+00:00,,2022-07-20 18:07:01+00:00,2022-07-20 18:07:34+00:00,,2022-07-20 18:07:43+00:00,2022-07-20 18:07:50+00:00,2022-07-20 18:09:22.893648+00:00,,,2022-07-22 15:00:39.445419+00:00,2022-07-26 14:39:57.683000+00:00,2022-07-26 14:40:10.814000+00:00,2022-08-03 15:51:13.238000+00:00,2022-08-03 15:51:55.665000+00:00,2022-08-03 15:52:39.411000+00:00,,,,,,,,,,,,,,,2022-07-26 19:03:52+00:00,,2022-07-26 19:39:19+00:00,,2022-07-26 19:39:28+00:00,,2022-07-26 19:05:17+00:00,,2022-07-26 19:06:02+00:00,,2022-07-26 19:06:07+00:00,,2022-08-05 13:40:00.308969+00:00,,2022-08-18 00:35:00.136942+00:00,2022-08-21 00:45:00.263634+00:00,,2022-08-20 00:20:00.180910+00:00,,,,,,,2022-08-20 00:15:00.065771+00:00,,,,,
34,,985bfdac-d96c-45bb-9662-94e4788ad775,Email33,116TEST,34b,Step above not completed within 3 days before starting trial,2022-08-09 21:21:40.494502+00:00,2022-08-09 21:21:35.104000+00:00,2022-08-09 21:21:36.686000+00:00,,2022-08-09 21:21:41.704000+00:00,2022-08-09 21:22:32.743000+00:00,2022-08-09 21:22:33.138000+00:00,,2022-08-09 21:22:50.086000+00:00,2022-08-09 21:23:04.513000+00:00,,2022-08-09 21:23:08.577000+00:00,2022-08-09 21:23:20.371000+00:00,2022-08-09 21:23:22.015000+00:00,2022-08-09 21:23:22.058000+00:00,2022-08-09 21:23:23.658000+00:00,,2022-08-09 21:23:24.675000+00:00,,2022-08-09 21:24:15.226000+00:00,2022-08-09 21:24:15.226000+00:00,,,,,2022-08-09 21:27:09.251007+00:00,2022-08-10 19:05:04.651000+00:00,,2022-08-10 19:05:10.899000+00:00,,,2022-08-10 19:05:21.983000+00:00,,2022-08-10 19:05:34.801000+00:00,2022-08-16 22:05:01.807775+00:00,2022-08-10 19:05:35.991000+00:00,2022-08-10 19:05:38.387000+00:00,,2022-08-10 19:05:39.285000+00:00,2022-08-10 19:05:46.583000+00:00,,2022-08-10 19:05:49.201000+00:00,2022-08-10 19:05:50.428000+00:00,2022-08-10 19:08:05.226148+00:00,,,2022-08-10 19:08:52.424966+00:00,2022-08-22 13:20:45.141000+00:00,,,,,2022-08-19 00:57:00.100258+00:00,,,2022-08-11 15:59:59.884000+00:00,,,2022-08-11 16:00:04.920000+00:00,,,,,,,,2022-08-26 15:56:05.046000+00:00,,2022-08-26 15:56:45.252000+00:00,,2022-08-26 15:56:52.783000+00:00,,2022-08-26 15:56:54.393000+00:00,,2022-08-26 15:57:19.367000+00:00,,2022-08-26 15:57:23.968000+00:00,,2022-08-24 13:40:00.439395+00:00,,2022-09-06 00:35:00.102930+00:00,2022-09-10 00:45:00.453792+00:00,,2022-09-09 00:20:00.144054+00:00,,,,,,,2022-09-09 00:15:00.235639+00:00,,,,,
35,,6073f5d0-84f1-453e-901a-f7d5d977c5f3,Email34,,14,Subject completes all screening questions,2022-08-09 21:41:48.605535+00:00,2022-08-09 21:41:45.364000+00:00,2022-08-09 21:41:46.513000+00:00,,2022-08-09 21:42:00.308000+00:00,2022-08-09 21:42:21.410000+00:00,2022-08-09 21:42:21.742000+00:00,,2022-08-09 21:42:37.339000+00:00,2022-08-09 21:42:58.721000+00:00,,2022-08-09 21:43:03.582000+00:00,2022-08-09 21:43:17.182000+00:00,2022-08-09 21:43:18.500000+00:00,2022-08-09 21:43:18.521000+00:00,2022-08-09 21:43:20.270000+00:00,,2022-08-09 21:43:21.215000+00:00,,2022-08-09 21:44:35.626000+00:00,2022-08-09 21:44:35.626000+00:00,,,,,,,,,,,,,,,,,,,,,,,,,,,,,,,,,,,,,,,,,,,,,,,,,,,,,,,,,,,,,,,,,,,,,,,,,,,
36,,ed255a34-dd66-403d-abdd-12bf506749b3,Email35,,14,Subject completes all screening questions,2022-08-12 19:04:32.297473+00:00,2022-08-12 19:04:30.176000+00:00,2022-08-12 19:04:31.470000+00:00,,2022-08-12 19:04:37.667000+00:00,2022-08-12 19:05:09.602000+00:00,2022-08-12 19:05:10.053000+00:00,,2022-08-12 19:05:30.914000+00:00,2022-08-12 19:05:49.308000+00:00,,2022-08-12 19:06:00.574000+00:00,2022-08-12 19:06:17.958000+00:00,2022-08-12 19:06:20.458000+00:00,2022-08-12 19:06:20.475000+00:00,2022-08-12 19:06:23.980000+00:00,,2022-08-18 14:12:05.292000+00:00,,2022-08-18 14:31:56.754000+00:00,2022-08-18 14:31:56.754000+00:00,,,,,,,,,,,,,,,,,,,,,,,,,,,,,,,,,,,,,,,,,,,,,,,,,,,,,,,,,,,,,,,,,,,,,,,,,,,
37,,46660d6c-3456-456e-bcc3-8e96068fe9f9,Email36,,14,Subject completes all screening questions,2022-08-09 21:37:30.946520+00:00,2022-08-09 21:37:25.873000+00:00,2022-08-09 21:37:27.194000+00:00,,2022-08-09 21:37:43.198000+00:00,2022-08-09 21:37:58.126000+00:00,2022-08-09 21:37:58.466000+00:00,,2022-08-09 21:38:31.231000+00:00,2022-08-09 21:38:39.295000+00:00,,2022-08-09 21:38:44.709000+00:00,2022-08-09 21:38:55.758000+00:00,2022-08-09 21:38:57.304000+00:00,2022-08-09 21:38:57.324000+00:00,2022-08-09 21:38:59.317000+00:00,,2022-08-09 21:39:00.357000+00:00,,2022-08-09 21:40:34.798000+00:00,2022-08-09 21:40:34.798000+00:00,,,,,,,,,,,,,,,,,,,,,,,,,,,,,,,,,,,,,,,,,,,,,,,,,,,,,,,,,,,,,,,,,,,,,,,,,,,
38,,26776823-6e29-4411-8823-96b758c1b7e2,Email37,110TEST,34b,Step above not completed within 3 days before starting trial,2022-08-08 17:06:23.297789+00:00,2022-08-08 17:06:22.504000+00:00,2022-08-08 17:06:23.827000+00:00,,2022-08-08 17:06:29.509000+00:00,2022-08-08 17:06:45.494000+00:00,2022-08-08 17:06:45.847000+00:00,,2022-08-08 17:06:56.427000+00:00,2022-08-08 17:07:14.894000+00:00,,2022-08-08 17:07:19.963000+00:00,2022-08-08 17:07:31.784000+00:00,2022-08-08 17:07:33.741000+00:00,2022-08-08 17:07:33.758000+00:00,2022-08-08 17:07:35.981000+00:00,,2022-08-08 17:07:36.918000+00:00,,2022-08-08 17:08:40.014000+00:00,2022-08-08 17:08:40.014000+00:00,,,,,2022-08-08 17:18:54.892754+00:00,2022-08-08 17:20:14.807000+00:00,,2022-08-08 17:20:20.103000+00:00,,,2022-08-08 17:20:35.825000+00:00,,2022-08-08 17:20:48.588000+00:00,2022-08-15 18:05:01.409249+00:00,2022-08-08 17:20:49.897000+00:00,2022-08-08 17:20:52.168000+00:00,,2022-08-08 17:20:53.564000+00:00,2022-08-08 17:21:13.539000+00:00,,2022-08-08 17:21:17.168000+00:00,2022-08-08 17:21:17.851000+00:00,2022-08-08 17:27:35.892065+00:00,,,2022-08-08 17:29:27.846790+00:00,,,,,,2022-08-26 00:57:00.220527+00:00,,,,,,,,,,,,,,,,,,,,,,,,,,,2022-08-31 13:40:00.260173+00:00,2022-09-13 00:35:00.132325+00:00,2022-09-16 00:45:00.379228+00:00,,,,,,,,,2022-09-15 00:15:00.208425+00:00,,,,,
39,,4acf9192-dcbb-4e37-800d-374ea3e39fa1,Email38,112TEST,45b,1st day of study dates has passed and data has not been successfully uploaded,2022-08-08 17:16:48.334824+00:00,2022-08-08 17:16:47.960000+00:00,2022-08-08 17:16:50.093000+00:00,,2022-08-08 17:16:55.358000+00:00,2022-08-08 17:17:04.658000+00:00,2022-08-08 17:17:05.049000+00:00,,2022-08-08 17:17:18.175000+00:00,2022-08-08 17:17:24.461000+00:00,,2022-08-08 17:17:29.296000+00:00,2022-08-08 17:17:39.132000+00:00,2022-08-08 17:17:41.004000+00:00,2022-08-08 17:17:41.024000+00:00,2022-08-08 17:17:42.715000+00:00,,2022-08-08 17:17:43.576000+00:00,,2022-08-08 17:18:37.331000+00:00,2022-08-08 17:18:37.331000+00:00,,,,,2022-08-08 17:19:27.041654+00:00,2022-08-08 17:24:08.148000+00:00,,2022-08-08 17:24:12.949000+00:00,,,2022-08-08 17:24:31.825000+00:00,,2022-08-08 17:24:43.857000+00:00,2022-08-15 18:05:02.231032+00:00,2022-08-08 17:24:45.163000+00:00,2022-08-08 17:24:47.345000+00:00,,2022-08-08 17:24:48.367000+00:00,2022-08-08 17:25:06.014000+00:00,,2022-08-08 17:25:08.842000+00:00,2022-08-08 17:25:12.434000+00:00,2022-08-08 17:28:35.157729+00:00,,,2022-08-08 17:29:59.516817+00:00,,,,,,,,,2022-08-11 15:56:58.038000+00:00,,,2022-08-11 15:57:34.199000+00:00,,,,,,,,2022-08-11 17:02:45.951000+00:00,,2022-08-11 17:16:16.607000+00:00,,2022-08-11 17:16:22.724000+00:00,,2022-08-11 17:16:23.903000+00:00,,2022-08-11 17:18:04.685000+00:00,,2022-08-11 17:18:09.263000+00:00,,,2022-08-18 13:40:00.347481+00:00,2022-08-31 00:35:00.315951+00:00,2022-09-03 00:45:00.195133+00:00,,2022-09-02 00:20:00.220448+00:00,,,,,,,2022-09-02 00:15:00.238170+00:00,,,,,
40,,a5bc9eee-467f-4764-af77-52d2917d65d2,Email39,105TEST,17b,Subject does not click Account Setup button for 7 days,2022-08-05 21:09:43.962957+00:00,2022-08-05 21:09:40.012000+00:00,2022-08-05 21:09:41.303000+00:00,,2022-08-05 21:09:47.946000+00:00,2022-08-05 21:10:07.730000+00:00,2022-08-05 21:10:08.103000+00:00,,2022-08-05 21:10:16.730000+00:00,2022-08-05 21:10:23.896000+00:00,,2022-08-05 21:10:30.412000+00:00,2022-08-05 21:10:45.392000+00:00,2022-08-05 21:10:47.293000+00:00,2022-08-05 21:10:47.308000+00:00,2022-08-05 21:10:49.758000+00:00,,2022-08-05 21:10:50.903000+00:00,,2022-08-05 21:11:53.532000+00:00,2022-08-05 21:11:53.532000+00:00,,,,,2022-08-05 21:13:02.202905+00:00,,2022-08-12 22:05:00.918221+00:00,,2022-08-12 22:05:00.918858+00:00,,,,,2022-08-12 22:05:00.919192+00:00,,,2022-08-12 22:05:00.919358+00:00,,,2022-08-12 22:05:00.919707+00:00,,,,,,,,,,,,,,,,,,,,,,,,,,,,,,,,,,,,,,,,,,,,,,,,,,,,,,,
41,,783aafbc-7ac2-49e6-b9cd-3a28a7c0ff40,Email40,,7b,Subject does not start informed consent for 3 days after completing account creation,2022-08-12 20:11:42.078399+00:00,2022-08-12 20:11:38.526000+00:00,2022-08-12 20:20:30.211000+00:00,,2022-08-12 20:20:35.742000+00:00,2022-08-12 20:20:57.830000+00:00,2022-08-12 20:20:58.515000+00:00,,2022-08-12 20:21:11.666000+00:00,,2022-08-15 21:05:03.681307+00:00,,,,,,,,,,,,,,,,,,,,,,,,,,,,,,,,,,,,,,,,,,,,,,,,,,,,,,,,,,,,,,,,,,,,,,,,,,,,,,,,,,,,,
42,,66688d76-0df7-497b-8199-54dd16c13591,Email41,,13b,Subject does not complete screening within 5 days of starting,2022-08-09 20:51:52.792276+00:00,2022-08-09 20:51:48.451000+00:00,2022-08-09 20:51:49.946000+00:00,,2022-08-09 20:51:55.697000+00:00,2022-08-09 20:52:06.136000+00:00,2022-08-09 20:52:06.536000+00:00,,2022-08-09 20:52:40.830000+00:00,2022-08-09 20:52:46.828000+00:00,,2022-08-09 20:52:50.979000+00:00,2022-08-09 20:53:00.680000+00:00,2022-08-09 20:53:02.143000+00:00,2022-08-09 20:53:02.165000+00:00,2022-08-09 20:53:10.175000+00:00,,,2022-08-15 21:50:00.194107+00:00,,,,,,,,,,,,,,,,,,,,,,,,,,,,,,,,,,,,,,,,,,,,,,,,,,,,,,,,,,,,,,,,,,,,,,,,,,,,,
43,,d6d41111-37ec-4a26-9db7-42d0de82c81f,Email42,104TEST,34b,Step above not completed within 3 days before starting trial,2022-08-05 21:07:03.137810+00:00,2022-08-05 21:06:56.858000+00:00,2022-08-05 21:07:02.939000+00:00,,2022-08-05 21:07:08.896000+00:00,2022-08-05 21:07:39.602000+00:00,2022-08-05 21:07:40.003000+00:00,,2022-08-05 21:07:50.881000+00:00,2022-08-05 21:07:57.875000+00:00,,2022-08-05 21:08:02.746000+00:00,2022-08-05 21:08:15.950000+00:00,2022-08-05 21:08:18.282000+00:00,2022-08-05 21:08:18.298000+00:00,2022-08-05 21:08:20.334000+00:00,,2022-08-05 21:08:21.324000+00:00,,2022-08-05 21:09:26.100000+00:00,2022-08-05 21:09:26.100000+00:00,,,,,2022-08-05 21:12:53.864860+00:00,2022-08-05 21:13:28.767000+00:00,,2022-08-05 21:13:33.621000+00:00,,,2022-08-05 21:13:52.116000+00:00,,2022-08-05 21:14:04.129000+00:00,2022-08-12 22:05:02.511945+00:00,2022-08-05 21:14:05.343000+00:00,2022-08-05 21:14:09.175000+00:00,,2022-08-05 21:14:10.611000+00:00,2022-08-05 21:14:16.975000+00:00,,2022-08-05 21:14:19.398000+00:00,2022-08-05 21:14:20.263000+00:00,2022-08-05 21:16:34.566579+00:00,,,2022-08-12 08:52:09.016984+00:00,,,,,,2022-08-26 00:57:00.246477+00:00,2022-08-12 08:53:06.037999+00:00,,,2022-09-06 13:10:01.038761+00:00,,,,,,,,,,,,,,,,,,,,,,,2022-08-31 13:40:00.348820+00:00,2022-09-13 00:35:00.159868+00:00,2022-09-16 00:45:00.448647+00:00,,,,,,,,,2022-09-15 00:15:00.245466+00:00,,,,,
44,,139e4a04-a769-498d-a709-57e871fd37e9,Email43,114TEST,34b,Step above not completed within 3 days before starting trial,2022-08-09 19:57:45.970627+00:00,2022-08-09 19:57:43.657000+00:00,2022-08-09 20:20:46.234000+00:00,,2022-08-09 20:20:51.531000+00:00,2022-08-09 20:21:39.373000+00:00,2022-08-09 20:21:39.834000+00:00,,2022-08-09 20:21:58.603000+00:00,2022-08-09 20:22:04.826000+00:00,,2022-08-09 20:22:09.318000+00:00,2022-08-09 20:22:23.271000+00:00,2022-08-09 20:22:25.178000+00:00,2022-08-09 20:22:25.198000+00:00,2022-08-09 20:22:27.939000+00:00,,2022-08-09 20:22:28.944000+00:00,,2022-08-09 20:23:24.387000+00:00,2022-08-09 20:23:24.387000+00:00,,,,,2022-08-09 20:23:59.656906+00:00,2022-08-09 20:25:24.530000+00:00,,2022-08-09 20:25:29.894000+00:00,,,2022-08-09 20:25:41.205000+00:00,,2022-08-09 20:25:55.039000+00:00,2022-08-16 21:05:00.966160+00:00,2022-08-09 20:25:56.210000+00:00,2022-08-09 20:25:58.674000+00:00,,2022-08-09 20:25:59.715000+00:00,2022-08-09 20:26:11.088000+00:00,,2022-08-09 20:26:15.686000+00:00,2022-08-09 20:26:17.132000+00:00,2022-08-09 20:27:14.192983+00:00,,,2022-08-09 20:27:44.824458+00:00,,,,,,2022-08-20 00:57:00.095637+00:00,,,,,,,,,,,,,,,,,,,,,,,,,,,2022-08-25 13:40:00.182146+00:00,2022-09-07 00:35:00.268170+00:00,2022-09-10 00:45:00.280321+00:00,,,,,,,,,2022-09-09 00:15:00.223470+00:00,,,,,
45,,178c733b-150e-4bba-b620-1ff5a84cbc1e,Email44,122TEST,34b,Step above not completed within 3 days before starting trial,2022-09-01 17:59:57.943354+00:00,2022-09-01 17:59:52.869000+00:00,2022-09-08 22:42:29.777000+00:00,,2022-09-08 22:42:36.916000+00:00,2022-09-08 22:42:53.455000+00:00,2022-09-08 22:43:03.580000+00:00,,2022-09-08 22:43:19.773000+00:00,2022-09-08 22:43:26.566000+00:00,,2022-09-08 22:43:32.744000+00:00,2022-09-08 22:43:44.040000+00:00,2022-09-08 22:43:46.426000+00:00,2022-09-08 22:43:46.439000+00:00,2022-09-08 22:43:50.259000+00:00,,2022-09-08 22:43:53.864000+00:00,,2022-09-08 22:45:23.083000+00:00,2022-09-08 22:45:23.083000+00:00,,,2022-09-08 22:45:23.553762+00:00,,2022-09-08 22:45:58.796269+00:00,2022-09-08 22:46:14.656000+00:00,,2022-09-08 22:46:20.310000+00:00,,,2022-09-08 22:46:39.413000+00:00,,2022-09-08 22:47:01.404000+00:00,2022-09-15 23:05:01.440502+00:00,2022-09-08 22:47:02.837000+00:00,2022-09-08 22:47:07.449000+00:00,,2022-09-08 22:47:12.505000+00:00,2022-09-08 22:47:18.651000+00:00,,2022-09-08 22:47:20.748000+00:00,2022-09-08 22:47:23.251000+00:00,2022-09-08 22:48:18.284245+00:00,,,2022-09-08 22:49:46.769542+00:00,2022-09-09 18:14:44.272000+00:00,,,,,2022-09-09 18:57:00.205196+00:00,2022-09-08 22:51:05.356517+00:00,,2022-09-08 22:51:21.381000+00:00,,,2022-09-08 22:51:26.003000+00:00,,,,,,,,2022-09-08 22:51:58.056000+00:00,,2022-09-08 22:52:10.941000+00:00,,2022-09-08 22:52:17.890000+00:00,,2022-09-08 22:52:19.218000+00:00,,2022-09-08 22:52:36.400000+00:00,,2022-09-08 22:52:40.870000+00:00,,2022-09-11 13:40:00.331339+00:00,,2022-09-24 00:35:00.197817+00:00,2022-09-27 00:45:00.072987+00:00,,2022-09-26 00:20:00.083401+00:00,,,,,,,2022-09-26 00:15:00.140984+00:00,,,,,
46,,aa0f503a-2f90-460f-97e6-e552982cbc7b,Email45,123TEST,34,Subject completes baseline assessment: 1st EMA,2022-09-12 15:10:21.793375+00:00,2022-09-12 15:10:17.985000+00:00,2022-09-12 15:10:19.704000+00:00,,2022-09-12 15:10:25.742000+00:00,2022-09-12 15:10:44.836000+00:00,2022-09-12 15:10:45.337000+00:00,,2022-09-12 15:11:02.688000+00:00,2022-09-12 15:11:12.016000+00:00,,2022-09-12 15:11:16.352000+00:00,2022-09-12 15:11:25.336000+00:00,2022-09-12 15:11:27.152000+00:00,2022-09-12 15:11:27.166000+00:00,2022-09-12 15:11:29.355000+00:00,,2022-09-12 15:11:30.356000+00:00,,2022-09-12 15:12:34.250000+00:00,2022-09-12 15:12:34.250000+00:00,,,2022-09-12 15:12:34.638155+00:00,,2022-09-12 15:13:44.113369+00:00,2022-09-12 15:13:50.958000+00:00,,2022-09-12 15:19:59.302000+00:00,,,2022-09-12 15:22:43.058000+00:00,,2022-09-12 15:22:53.924000+00:00,2022-09-19 16:05:01.343842+00:00,2022-09-12 15:22:56.866000+00:00,2022-09-12 15:22:59.145000+00:00,,2022-09-12 15:23:00.202000+00:00,2022-09-12 15:23:02.659000+00:00,,2022-09-12 15:23:04.775000+00:00,2022-09-12 15:23:06.387000+00:00,2022-09-12 15:23:40.935047+00:00,,,2022-09-12 15:24:21.858339+00:00,2022-09-12 15:57:36.624000+00:00,,,2022-09-28 08:45:07.351000+00:00,2022-09-28 08:45:23.935000+00:00,,,,,,,,,,,,,,,2022-09-12 15:44:13.142000+00:00,,2022-09-12 15:44:26.362000+00:00,,2022-09-12 15:44:31.608000+00:00,,2022-09-12 15:44:33.154000+00:00,,2022-09-12 15:44:58.574000+00:00,,2022-09-12 15:45:02.824000+00:00,,2022-09-15 13:40:00.091779+00:00,,2022-09-28 00:35:00.149901+00:00,,,,,,,,,,,,,,,
47,,e4bb6d57-ba6a-4201-9876-ddcdb6c345a1,Email46,125TEST,34b,Step above not completed within 3 days before starting trial,2022-09-14 18:20:33.523884+00:00,2022-09-14 18:20:31.012000+00:00,2022-09-14 18:20:33.242000+00:00,,2022-09-14 18:20:41.649000+00:00,2022-09-14 18:20:59.763000+00:00,2022-09-14 18:21:00.192000+00:00,,2022-09-14 18:21:15.165000+00:00,2022-09-14 18:21:24.120000+00:00,,2022-09-14 18:21:28.829000+00:00,2022-09-14 18:21:39.228000+00:00,2022-09-14 18:21:41.145000+00:00,2022-09-14 18:21:41.158000+00:00,2022-09-14 18:21:43.164000+00:00,,2022-09-14 18:21:44.089000+00:00,,2022-09-14 18:22:48.115000+00:00,2022-09-14 18:22:48.115000+00:00,,,2022-09-14 18:22:48.528702+00:00,,2022-09-14 18:25:10.714014+00:00,2022-09-14 18:25:30.310000+00:00,,2022-09-14 18:25:38.435000+00:00,,,2022-09-14 18:25:49.551000+00:00,,2022-09-14 18:26:02.852000+00:00,2022-09-21 19:05:01.548245+00:00,2022-09-14 18:26:04.394000+00:00,2022-09-14 18:26:06.789000+00:00,,2022-09-14 18:26:08.746000+00:00,2022-09-14 18:26:51.121000+00:00,,2022-09-14 18:26:56.470000+00:00,2022-09-14 18:26:58.653000+00:00,2022-09-14 18:28:02.117642+00:00,,,2022-09-14 18:29:53.299395+00:00,2022-09-14 18:30:43.462000+00:00,,,,,2022-09-27 00:57:00.185764+00:00,,,,,,,,,,,,,,,,,,,,,,,,,,,,,,,,,,,,,,,,,,,
48,,f01f07b0-d9fa-4269-bf61-6e6711aad46a,Email47,040TEST,23b,Subject does not submit government ID or request video chat within 7 days (of being accepted into the study),2022-08-05 20:12:11.967374+00:00,2022-08-05 20:12:10.691000+00:00,2022-08-05 20:12:12.779000+00:00,,2022-08-05 20:12:18.541000+00:00,2022-08-05 20:12:44.337000+00:00,2022-08-05 20:12:44.826000+00:00,,2022-08-05 20:12:54.832000+00:00,2022-08-05 20:13:08.517000+00:00,,2022-08-05 20:13:12.840000+00:00,2022-08-05 20:13:24.531000+00:00,2022-08-05 20:13:25.976000+00:00,2022-08-05 20:13:25.997000+00:00,2022-08-05 20:13:28.383000+00:00,,2022-08-05 20:13:29.246000+00:00,,2022-08-05 20:15:23.049000+00:00,2022-08-05 20:15:23.049000+00:00,,,,,2022-08-05 20:15:46.407712+00:00,2022-08-05 20:16:00.591000+00:00,,2022-08-05 20:16:06.538000+00:00,,,2022-08-05 20:16:21.506000+00:00,,2022-08-05 20:16:42.846000+00:00,2022-08-12 21:05:01.633468+00:00,2022-08-12 21:39:01.411000+00:00,2022-08-12 21:44:50.328000+00:00,2022-08-12 22:05:01.849834+00:00,,,,,,,2022-08-15 14:21:36.380270+00:00,,,,,,,,,,,,,,,,,,,,,,,,,,,,,,,,,,,,,,,,,,,,,,,,2022-08-15 14:21:36.390565+00:00,,,
